System	Type	pTM+ipTM	pDockQ	minShared	maxShared
mt11	AC	0.6192352702917008	0.16	0.33783783783783783	0.6944444444444444	
mt11	AC	0.47208689262478476	0.076	0.3108108108108108	0.71875	
mt11	AC	0.46108118630909123	0.068	0.30180180180180183	0.7127659574468085	
mt11	AC	0.43120058345046686	0.087	0.33783783783783783	0.7653061224489796	
mt11	AC	0.41820048943559895	0.103	0.35135135135135137	0.7222222222222222	
mt11	AC	0.3483200603734138	0.081	0.34234234234234234	0.7307692307692307	
mt11	AC	0.3454287042617604	0.055	0.28378378378378377	0.7325581395348837	
mt11	AC	0.30479067922974823	0.043	0.27927927927927926	0.7380952380952381	
mt11	AC	0.3001225141341549	0.046	0.3153153153153153	0.7608695652173914	
mt11	AC	0.2945979497214705	0.05	0.2882882882882883	0.7529411764705882	
mt11	AC	0.29012757483304663	0.048	0.3153153153153153	0.7368421052631579	
mt11	AC	0.2636244697121519	0.04	0.3108108108108108	0.7931034482758621	
mt11	AC	0.2614633060488144	0.061	0.36486486486486486	0.7941176470588235	
mt11	AC	0.26085404300695075	0.048	0.3918918918918919	0.7909090909090909	
mt11	AC	0.2580797001002067	0.046	0.38288288288288286	0.7798165137614679	
mt11	AC	0.25641754374345926	0.05	0.34234234234234234	0.76	
mt11	AC	0.24662154093833474	0.043	0.34684684684684686	0.7475728155339806	
mt11	AC	0.22135557813143614	0.044	0.20270270270270271	0.6338028169014085	
mt11	AC	0.20949481581700807	0.038	0.21621621621621623	0.6857142857142857	
mt11	AC	0.20881871760341902	0.055	0.16666666666666666	0.6607142857142857	
mt11	AC	0.20402218505581357	0.05	0.3153153153153153	0.7	
mt11	AC	0.19507168871862213	0.057	0.25675675675675674	0.6477272727272727	
mt11	AC	0.1891631500862991	0.022	0.07657657657657657	0.85	
mt11	AC	0.18782020398090704	0.05	0.4144144144144144	0.7540983606557377	
mt11	AC	0.1799528909140402	0.039	0.14414414414414414	0.7111111111111111	
mt11	AT	0.8535747402758207	0.636	0.6171171171171171	0.9716312056737588	
mt11	AT	0.8529336352844101	0.637	0.6396396396396397	0.9659863945578231	
mt11	AT	0.8528518751808187	0.63	0.6441441441441441	0.9662162162162162	
mt11	AT	0.8520236498364109	0.645	0.6351351351351351	0.9791666666666666	
mt11	AT	0.8512305345476887	0.637	0.6576576576576577	0.948051948051948	
mt11	AT	0.8505090900392249	0.639	0.6666666666666666	0.961038961038961	
mt11	AT	0.8504504212203734	0.627	0.6396396396396397	0.9342105263157895	
mt11	AT	0.849581062996524	0.653	0.6441441441441441	0.9794520547945206	
mt11	AT	0.8486390023593556	0.625	0.6306306306306306	0.9722222222222222	
mt11	AT	0.8485093513478053	0.63	0.6576576576576577	0.9733333333333334	
mt11	AT	0.8470709900184337	0.645	0.6396396396396397	0.9793103448275862	
mt11	AT	0.8464011221129578	0.618	0.6306306306306306	0.9395973154362416	
mt11	AT	0.8456713944502832	0.636	0.6261261261261262	0.972027972027972	
mt11	AT	0.8415042746330046	0.523	0.42792792792792794	0.979381443298969	
mt11	AT	0.8405007870540196	0.603	0.6126126126126126	0.9714285714285714	
mt11	AT	0.8343362207337337	0.644	0.6531531531531531	0.9863945578231292	
mt11	AT	0.8338260729068967	0.538	0.5675675675675675	0.9767441860465116	
mt11	AT	0.80303622609052	0.268	0.24324324324324326	0.9818181818181818	
mt11	AT	0.8015848968629965	0.493	0.527027027027027	0.9669421487603306	
mt11	AT	0.8005834806449489	0.254	0.21171171171171171	0.9791666666666666	
mt11	AT	0.7897855962666877	0.232	0.32882882882882886	0.9864864864864865	
mt11	AT	0.7828485330974335	0.215	0.3153153153153153	0.9859154929577465	
mt11	AT	0.7679796474724541	0.268	0.2072072072072072	0.9787234042553191	
mt11	AT	0.7666602498162762	0.21	0.25225225225225223	0.9824561403508771	
mt11	AT	0.7581287582700604	0.246	0.21171171171171171	0.9791666666666666	
mt11	ATC	0.5889586497621115				
mt11	ATC	0.5451761654198225				
mt11	ATC	0.5434639141862627				
mt11	ATC	0.5432476074616824				
mt11	ATC	0.5367899603044415				
mt11	ATC	0.5346294777217733				
mt11	ATC	0.534148511205808				
mt11	ATC	0.5322058388570589				
mt11	ATC	0.53200071632376				
mt11	ATC	0.5298758291251308				
mt11	ATC	0.5279482880428263				
mt11	ATC	0.47868074482536016				
mt11	ATC	0.4612899166735254				
mt11	ATC	0.46004181711313985				
mt11	ATC	0.45932304246299993				
mt11	ATC	0.457894849186626				
mt11	ATC	0.4544350744838598				
mt11	ATC	0.45337971983927877				
mt11	ATC	0.4525166167198892				
mt11	ATC	0.4439374986388965				
mt11	ATC	0.4436429147651789				
mt11	ATC	0.4414121791233458				
mt11	ATC	0.4351645506003676				
mt11	ATC	0.42384076432121753				
mt11	ATC	0.4222850317174401				
mt11	TC	0.18109220968687711	0.031	0.04054054054054054	0.3333333333333333	
mt11	TC	0.17633362524577567	0.054	0.0	0.0	
mt11	TC	0.17502963977298974	0.024	0.03153153153153153	0.35	
mt11	TC	0.17460988656515664	0.021	0.0	0.0	
mt11	TC	0.17451702375330191	0.029	0.02252252252252252	0.2777777777777778	
mt11	TC	0.1738102349675412	0.12	0.08558558558558559	0.38	
mt11	TC	0.17344570733274303	0.091	0.04054054054054054	0.2571428571428571	
mt11	TC	0.17293231496952027	0.037	0.02702702702702703	0.24	
mt11	TC	0.17153697071730953	0.061	0.06306306306306306	0.3333333333333333	
mt11	TC	0.17023155322895833	0.024	0.04054054054054054	0.391304347826087	
mt11	TC	0.17020334309334356	0.023	0.013513513513513514	0.25	
mt11	TC	0.16999712941369716	0.029	0.018018018018018018	0.17391304347826086	
mt11	TC	0.16947489988191178	0.02	0.0	0.0	
mt11	TC	0.1690566553724114	0.022	0.0	0.0	
mt11	TC	0.16890342942105632	0.031	0.0	0.0	
mt11	TC	0.16879402992449488	0.025	0.03153153153153153	0.3684210526315789	
mt11	TC	0.16736742505238597	0.033	0.018018018018018018	0.17391304347826086	
mt11	TC	0.16729706658184218	0.032	0.018018018018018018	0.25	
mt11	TC	0.16504681388750184	0.024	0.0045045045045045045	0.06666666666666667	
mt11	TC	0.1624371988502685	0.019	0.0	0.0	
mt11	TC	0.1615599459399932	0.022	0.018018018018018018	0.26666666666666666	
mt11	TC	0.15992667074221023	0.03	0.02702702702702703	0.3333333333333333	
mt11	TC	0.1591289032497083	0.026	0.009009009009009009	0.1111111111111111	
mt11	TC	0.15817443420547972	0	0	0	
mt11	TC	0.15814206534437275	0.031	0.013513513513513514	0.15	
mt12	AC	0.34582399092423804	0.064	0.2857142857142857	0.7021276595744681	
mt12	AC	0.29603329441997117	0.13	0.3116883116883117	0.6101694915254238	
mt12	AC	0.28521695475011066	0.05	0.21645021645021645	0.6756756756756757	
mt12	AC	0.2682441975807055	0.06	0.3593073593073593	0.6335877862595419	
mt12	AC	0.2540661284201397	0.049	0.341991341991342	0.6752136752136753	
mt12	AC	0.2514132360043068	0.04	0.22510822510822512	0.6582278481012658	
mt12	AC	0.2488215226919726	0.035	0.18181818181818182	0.6461538461538462	
mt12	AC	0.247987613924756	0.039	0.2597402597402597	0.6976744186046512	
mt12	AC	0.2475732163060192	0.041	0.29004329004329005	0.6907216494845361	
mt12	AC	0.24458881737492869	0.039	0.2554112554112554	0.686046511627907	
mt12	AC	0.24358541350635649	0.035	0.16883116883116883	0.5652173913043478	
mt12	AC	0.24139376608480373	0.029	0.1774891774891775	0.6507936507936508	
mt12	AC	0.23349154513675216	0.037	0.2857142857142857	0.6804123711340206	
mt12	AC	0.2329239074349418	0.039	0.2987012987012987	0.6388888888888888	
mt12	AC	0.23171521452694827	0.034	0.20346320346320346	0.6103896103896104	
mt12	AC	0.22658629996279556	0.037	0.1774891774891775	0.6029411764705882	
mt12	AC	0.22254795001587416	0.034	0.2554112554112554	0.6483516483516484	
mt12	AC	0.2224699957279792	0.033	0.2077922077922078	0.6575342465753424	
mt12	AC	0.219576601020913	0.036	0.2554112554112554	0.6941176470588235	
mt12	AC	0.2130113304095118	0.039	0.22943722943722944	0.5888888888888889	
mt12	AC	0.19211992888130044	0.038	0.1774891774891775	0.6119402985074627	
mt12	AC	0.18702580893963167	0.041	0.2813852813852814	0.7471264367816092	
mt12	AC	0.18512655446655957	0.028	0.16017316017316016	0.6607142857142857	
mt12	AC	0.1836685468137897	0.043	0.14285714285714285	0.6470588235294118	
mt12	AC	0.1819306247531026	0.044	0.22077922077922077	0.68	
mt12	AT	0.7644155049102453	0.618	0.5844155844155844	0.9060402684563759	
mt12	AT	0.7593748405774221	0.648	0.42424242424242425	0.9514563106796117	
mt12	AT	0.7554469264817729	0.599	0.5627705627705628	0.9154929577464789	
mt12	AT	0.7531159543421198	0.616	0.5714285714285714	0.9361702127659575	
mt12	AT	0.7170154178444581	0.559	0.5844155844155844	0.9440559440559441	
mt12	AT	0.6971258006992989	0.239	0.31601731601731603	0.948051948051948	
mt12	AT	0.6965768181014258	0.207	0.3246753246753247	0.9868421052631579	
mt12	AT	0.6758715013822794	0.265	0.30735930735930733	0.9861111111111112	
mt12	AT	0.6658304476371945	0.257	0.3333333333333333	0.9746835443037974	
mt12	AT	0.6586686851615063	0.208	0.3246753246753247	0.974025974025974	
mt12	AT	0.656921045601849	0.3	0.31601731601731603	0.9733333333333334	
mt12	AT	0.6547411569014028	0.186	0.3722943722943723	0.9772727272727273	
mt12	AT	0.6532354949710221	0.256	0.329004329004329	0.9156626506024096	
mt12	AT	0.6316797940006463	0.251	0.3203463203463203	0.9866666666666667	
mt12	AT	0.6310861912038639	0.23	0.341991341991342	0.9753086419753086	
mt12	AT	0.5750532455099457	0.127	0.329004329004329	0.9743589743589743	
mt12	AT	0.5603905976694945	0.033	0.14285714285714285	0.9166666666666666	
mt12	AT	0.47988242070713305	0.101	0.43722943722943725	0.9439252336448598	
mt12	AT	0.47782116620596865	0.105	0.3852813852813853	0.967391304347826	
mt12	AT	0.45871190531955475	0.126	0.42857142857142855	0.9519230769230769	
mt12	AT	0.4306701524407506	0.072	0.2987012987012987	0.971830985915493	
mt12	AT	0.3958611657594806	0.074	0.30735930735930733	0.9861111111111112	
mt12	AT	0.3159355917983956	0.062	0.37662337662337664	0.9775280898876404	
mt12	AT	0.29176193989374805	0.07	0.29004329004329005	0.9852941176470589	
mt12	AT	0.22402569712984396	0.065	0.3246753246753247	0.9868421052631579	
mt12	ATC	0.5478524041520341				
mt12	ATC	0.530149578320697				
mt12	ATC	0.49642183278513086				
mt12	ATC	0.4363602448552318				
mt12	ATC	0.4129607493729108				
mt12	ATC	0.4122308733698037				
mt12	ATC	0.4105208433192908				
mt12	ATC	0.38922555345824006				
mt12	ATC	0.38436072065868054				
mt12	ATC	0.3692405129303601				
mt12	ATC	0.36630996382660236				
mt12	ATC	0.3657799292265739				
mt12	ATC	0.36054082008027266				
mt12	ATC	0.35982243147037085				
mt12	ATC	0.35924065405118943				
mt12	ATC	0.3510242520537961				
mt12	ATC	0.3420382588995511				
mt12	ATC	0.3369334959674122				
mt12	ATC	0.32255277764512863				
mt12	ATC	0.29346985521764796				
mt12	ATC	0.2759436646641484				
mt12	ATC	0.2391433263210499				
mt12	ATC	0.18863192298322354				
mt12	ATC	0.1868246662781895				
mt12	ATC	0.15528480701114936				
mt12	TC	0.24434632306811907	0.064	0.06493506493506493	0.36585365853658536	
mt12	TC	0.24327429772209122	0.073	0.07792207792207792	0.391304347826087	
mt12	TC	0.23142537685658332	0.064	0.06493506493506493	0.3409090909090909	
mt12	TC	0.2184468522315912	0.058	0.06060606060606061	0.358974358974359	
mt12	TC	0.209377708060874	0.062	0.09523809523809523	0.4489795918367347	
mt12	TC	0.2070071243017222	0.057	0.0735930735930736	0.4358974358974359	
mt12	TC	0.20617054889256806	0.058	0.0735930735930736	0.4358974358974359	
mt12	TC	0.2038845332003496	0	0	0	
mt12	TC	0.20288646550249365	0.038	0.047619047619047616	0.4230769230769231	
mt12	TC	0.2016685095666832	0.068	0.08225108225108226	0.4634146341463415	
mt12	TC	0.19914111807885992	0.048	0.06926406926406926	0.4444444444444444	
mt12	TC	0.19813471011996994	0.062	0.09090909090909091	0.45652173913043476	
mt12	TC	0.19576209736274075	0.038	0.03896103896103896	0.375	
mt12	TC	0.19394719454982728	0.041	0.05194805194805195	0.375	
mt12	TC	0.1930213010659585	0.042	0.06060606060606061	0.4827586206896552	
mt12	TC	0.1924303467036817	0.061	0.0735930735930736	0.4358974358974359	
mt12	TC	0.1897269268764187	0.177	0.1038961038961039	0.39344262295081966	
mt12	TC	0.18781050567372	0.042	0.06493506493506493	0.46875	
mt12	TC	0.18444217113323275	0.095	0.05627705627705628	0.23214285714285715	
mt12	TC	0.182868123745221	0.033	0.05627705627705628	0.40625	
mt12	TC	0.18274532543842809	0.047	0.06926406926406926	0.48484848484848486	
mt12	TC	0.1826439722039297	0.054	0.05194805194805195	0.25	
mt12	TC	0.17910054817399124	0.018	0.008658008658008658	0.6666666666666666	
mt12	TC	0.17830344426077388	0.053	0.06060606060606061	0.4117647058823529	
mt12	TC	0.17804095812238396	0.044	0.047619047619047616	0.36666666666666664	
mt13	AC	0.40813785575246136	0.066	0.3023255813953488	0.5591397849462365	
mt13	AC	0.38146943492788493	0.057	0.45930232558139533	0.6638655462184874	
mt13	AC	0.37689617450914426	0.043	0.3546511627906977	0.7176470588235294	
mt13	AC	0.3648507480555126	0.054	0.4418604651162791	0.6333333333333333	
mt13	AC	0.3512488579244038	0.042	0.313953488372093	0.6923076923076923	
mt13	AC	0.34774846024987394	0.162	0.5	0.5657894736842105	
mt13	AC	0.3427243557504031	0.042	0.27325581395348836	0.573170731707317	
mt13	AC	0.3368568111649284	0.074	0.37209302325581395	0.6037735849056604	
mt13	AC	0.3125082014236601	0.074	0.436046511627907	0.6410256410256411	
mt13	AC	0.3003998949901255	0.043	0.27325581395348836	0.573170731707317	
mt13	AC	0.2826048861124539	0.041	0.3488372093023256	0.7317073170731707	
mt13	AC	0.28078750384417256	0.046	0.32558139534883723	0.6222222222222222	
mt13	AC	0.2730974329052399	0.053	0.36627906976744184	0.63	
mt13	AC	0.26761701815005684	0.037	0.313953488372093	0.6585365853658537	
mt13	AC	0.25663366454319286	0.045	0.3546511627906977	0.648936170212766	
mt13	AC	0.24924962537591863	0.08	0.25	0.4673913043478261	
mt13	AC	0.24139689912643775	0.028	0.18604651162790697	0.6666666666666666	
mt13	AC	0.23887222998850902	0.051	0.31976744186046513	0.5851063829787234	
mt13	AC	0.23174959599177	0.049	0.3430232558139535	0.6413043478260869	
mt13	AC	0.2114050765809417	0.047	0.21511627906976744	0.5138888888888888	
mt13	AC	0.21038011134204718	0.032	0.18023255813953487	0.7380952380952381	
mt13	AC	0.20547375370052315	0.043	0.2441860465116279	0.5454545454545454	
mt13	AC	0.20405712035328757	0.035	0.23837209302325582	0.6612903225806451	
mt13	AC	0.18638177723354843	0.035	0.12209302325581395	0.5	
mt13	AC	0.18098940149195442	0.036	0.11627906976744186	0.4	
mt13	AT	0.8490900962224471	0.495	0.5465116279069767	0.7899159663865546	
mt13	AT	0.846503595738795	0.469	0.5755813953488372	0.7857142857142857	
mt13	AT	0.8436467646255702	0.38	0.5872093023255814	0.8416666666666667	
mt13	AT	0.8434198587605166	0.401	0.6337209302325582	0.7841726618705036	
mt13	AT	0.8433873720829248	0.494	0.5697674418604651	0.8376068376068376	
mt13	AT	0.8428770432021839	0.448	0.5232558139534884	0.7894736842105263	
mt13	AT	0.8418509236604286	0.451	0.6511627906976745	0.7887323943661971	
mt13	AT	0.8368578731678897	0.425	0.6395348837209303	0.7857142857142857	
mt13	AT	0.8360603243114274	0.317	0.5755813953488372	0.8918918918918919	
mt13	AT	0.8358208965535258	0.357	0.5813953488372093	0.7194244604316546	
mt13	AT	0.8355573184405134	0.432	0.5813953488372093	0.8130081300813008	
mt13	AT	0.8355487513783725	0.424	0.5988372093023255	0.7862595419847328	
mt13	AT	0.8352429002089661	0.413	0.5872093023255814	0.7372262773722628	
mt13	AT	0.8347913723031839	0.412	0.5348837209302325	0.7863247863247863	
mt13	AT	0.8347672943191579	0.468	0.563953488372093	0.7348484848484849	
mt13	AT	0.8333307433298927	0.429	0.563953488372093	0.8083333333333333	
mt13	AT	0.8309603794305084	0.328	0.5465116279069767	0.7580645161290323	
mt13	AT	0.8272156045515834	0.296	0.6395348837209303	0.7692307692307693	
mt13	AT	0.8203465275515978	0.341	0.5174418604651163	0.664179104477612	
mt13	AT	0.8185911057216873	0.393	0.5813953488372093	0.7246376811594203	
mt13	AT	0.8182617227038462	0.354	0.6162790697674418	0.7969924812030075	
mt13	AT	0.8165832553565757	0.28	0.5523255813953488	0.8050847457627118	
mt13	AT	0.815873415503928	0.349	0.5872093023255814	0.7890625	
mt13	AT	0.8124314890371717	0.334	0.5872093023255814	0.7890625	
mt13	AT	0.8114961459658145	0.278	0.5348837209302325	0.7540983606557377	
mt13	ATC	0.5693929614878754				
mt13	ATC	0.566793652176399				
mt13	ATC	0.555420808500101				
mt13	ATC	0.5533209240163087				
mt13	ATC	0.5532595331876978				
mt13	ATC	0.5472145063816769				
mt13	ATC	0.5453925258551139				
mt13	ATC	0.5437049417214037				
mt13	ATC	0.5426477500730477				
mt13	ATC	0.539691841823299				
mt13	ATC	0.5383545606043024				
mt13	ATC	0.5370426298527617				
mt13	ATC	0.5364539090562599				
mt13	ATC	0.528402373739616				
mt13	ATC	0.5259555151512638				
mt13	ATC	0.525878632584538				
mt13	ATC	0.5246652154317196				
mt13	ATC	0.5238640462243724				
mt13	ATC	0.521965646760129				
mt13	ATC	0.520065394414873				
mt13	ATC	0.5167457228523822				
mt13	ATC	0.5142273558693341				
mt13	ATC	0.5112059892052834				
mt13	ATC	0.5077537866094021				
mt13	ATC	0.504487474700237				
mt13	TC	0.3418564557846735	0.155	0.09302325581395349	0.5161290322580645	
mt13	TC	0.2579157708836492	0.117	0.09302325581395349	0.5161290322580645	
mt13	TC	0.2351716974783015	0.074	0.0755813953488372	0.52	
mt13	TC	0.22138726841517836	0.061	0.06395348837209303	0.5	
mt13	TC	0.21487843914496266	0.061	0.05232558139534884	0.4090909090909091	
mt13	TC	0.1966252041919218	0.061	0.029069767441860465	0.21739130434782608	
mt13	TC	0.1916154280762613	0.038	0.06395348837209303	0.5238095238095238	
mt13	TC	0.18483261622914565	0.021	0.01744186046511628	0.2727272727272727	
mt13	TC	0.1836440295957681	0.035	0.03488372093023256	0.3157894736842105	
mt13	TC	0.18066525508898615	0.019	0.011627906976744186	0.3333333333333333	
mt13	TC	0.17971798102413478	0.022	0.011627906976744186	0.25	
mt13	TC	0.1756728632150071	0	0	0	
mt13	TC	0.17522854768547189	0	0	0	
mt13	TC	0.17363760128626796	0.03	0.03488372093023256	0.5454545454545454	
mt13	TC	0.17202372967919785	0	0	0	
mt13	TC	0.1703489974292625	0.019	0.01744186046511628	0.6	
mt13	TC	0.16883850848715193	0.024	0.01744186046511628	0.2727272727272727	
mt13	TC	0.16826231075620435	0.023	0.005813953488372093	0.2	
mt13	TC	0.16819507293267522	0	0	0	
mt13	TC	0.16634120528186735	0	0	0	
mt13	TC	0.16287469187781997	0	0.005813953488372093	0.5	
mt13	TC	0.16231666329076697	0	0.0	0.0	
mt13	TC	0.16077421789122745	0	0	0	
mt13	TC	0.15995428640308743	0	0	0	
mt13	TC	0.1582823477531323	0	0	0	
mt14	AC	0.3496203456037427	0.042	0.14893617021276595	0.31343283582089554	
mt14	AC	0.31147384958781604	0.048	0.19148936170212766	0.375	
mt14	AC	0.2823459328087027	0.044	0.19148936170212766	0.421875	
mt14	AC	0.2721363755098417	0.044	0.1773049645390071	0.4166666666666667	
mt14	AC	0.2659537156326548	0.055	0.28368794326241137	0.49382716049382713	
mt14	AC	0.2646878573482166	0.041	0.14893617021276595	0.35	
mt14	AC	0.2628806131474394	0.035	0.2198581560283688	0.4025974025974026	
mt14	AC	0.2597748223459419	0.032	0.24822695035460993	0.4861111111111111	
mt14	AC	0.2526038830645949	0.034	0.14893617021276595	0.3442622950819672	
mt14	AC	0.25215182418743237	0.035	0.16312056737588654	0.3898305084745763	
mt14	AC	0.24985208988724833	0.049	0.24113475177304963	0.37777777777777777	
mt14	AC	0.23903421321905294	0.029	0.11347517730496454	0.3137254901960784	
mt14	AC	0.2386008569861811	0.034	0.24113475177304963	0.4927536231884058	
mt14	AC	0.23159491739622987	0.034	0.24113475177304963	0.44155844155844154	
mt14	AC	0.23005742356659026	0.036	0.1347517730496454	0.31666666666666665	
mt14	AC	0.2275244600331014	0.031	0.0851063829787234	0.2222222222222222	
mt14	AC	0.22302126469086422	0.033	0.18439716312056736	0.3939393939393939	
mt14	AC	0.22196089479125708	0.041	0.14893617021276595	0.35	
mt14	AC	0.21850020628296452	0.035	0.19148936170212766	0.3698630136986301	
mt14	AC	0.2175475711880071	0.031	0.19858156028368795	0.3684210526315789	
mt14	AC	0.21093693613704062	0.035	0.18439716312056736	0.36619718309859156	
mt14	AC	0.20765706849019777	0.033	0.24113475177304963	0.4358974358974359	
mt14	AC	0.19995644187580175	0.029	0.1347517730496454	0.36538461538461536	
mt14	AC	0.19138281419383796	0.035	0.1702127659574468	0.41379310344827586	
mt14	AC	0.18259154777932113	0.039	0.1773049645390071	0.32051282051282054	
mt14	AT	0.8376542659861913	0.432	0.5673758865248227	0.8080808080808081	
mt14	AT	0.8313692502938783	0.443	0.5673758865248227	0.8695652173913043	
mt14	AT	0.827822914337832	0.416	0.5673758865248227	0.7017543859649122	
mt14	AT	0.8259809862888037	0.401	0.5602836879432624	0.8681318681318682	
mt14	AT	0.8259281304190808	0.393	0.5673758865248227	0.7766990291262136	
mt14	AT	0.8225712737179292	0.388	0.5957446808510638	0.7706422018348624	
mt14	AT	0.8213316938176479	0.404	0.574468085106383	0.81	
mt14	AT	0.8182572729755062	0.38	0.5673758865248227	0.7619047619047619	
mt14	AT	0.8173084301959046	0.369	0.574468085106383	0.7297297297297297	
mt14	AT	0.8159451021489593	0.387	0.5531914893617021	0.9176470588235294	
mt14	AT	0.8158053584553774	0.39	0.574468085106383	0.801980198019802	
mt14	AT	0.8154004959528066	0.328	0.5106382978723404	0.8571428571428571	
mt14	AT	0.8143279993246727	0.408	0.5390070921985816	0.9047619047619048	
mt14	AT	0.8131361939483948	0.404	0.5673758865248227	0.8602150537634409	
mt14	AT	0.8094686856395613	0.376	0.574468085106383	0.7641509433962265	
mt14	AT	0.8084521906628401	0.25	0.5177304964539007	0.7525773195876289	
mt14	AT	0.8078668991804665	0.284	0.49645390070921985	0.8235294117647058	
mt14	AT	0.80731541161477	0.368	0.5602836879432624	0.7745098039215687	
mt14	AT	0.8061130078947916	0.416	0.5177304964539007	0.948051948051948	
mt14	AT	0.8059685548382057	0.367	0.5390070921985816	0.8735632183908046	
mt14	AT	0.7997308971511201	0.355	0.5673758865248227	0.7619047619047619	
mt14	AT	0.791884226320768	0.402	0.5106382978723404	0.935064935064935	
mt14	AT	0.7886857565428009	0.313	0.5673758865248227	0.7692307692307693	
mt14	AT	0.7525650964731118	0.235	0.5319148936170213	0.8928571428571429	
mt14	AT	0.7059572297310059	0.225	0.5319148936170213	0.7142857142857143	
mt14	ATC	0.5629806860788804				
mt14	ATC	0.5444500849519984				
mt14	ATC	0.5435320621383817				
mt14	ATC	0.5433854879212103				
mt14	ATC	0.5372909668967976				
mt14	ATC	0.5351791518767638				
mt14	ATC	0.5316478270384745				
mt14	ATC	0.5295722992778519				
mt14	ATC	0.5281847756007775				
mt14	ATC	0.52613447990115				
mt14	ATC	0.5204077348122657				
mt14	ATC	0.519882856106209				
mt14	ATC	0.5158711556463286				
mt14	ATC	0.5140608765624995				
mt14	ATC	0.5072532087717865				
mt14	ATC	0.5063875655152239				
mt14	ATC	0.48980793729165334				
mt14	ATC	0.46300365281078393				
mt14	ATC	0.4625268297979096				
mt14	ATC	0.4620830024298077				
mt14	ATC	0.4312695867249541				
mt14	ATC	0.4001027984681518				
mt14	ATC	0.39387936161658704				
mt14	ATC	0.360513372514527				
mt14	ATC	0.3493978313343388				
mt14	TC	0.19075052623746508	0.023	0.028368794326241134	0.2222222222222222	
mt14	TC	0.18971545151317332	0.024	0.028368794326241134	0.2857142857142857	
mt14	TC	0.18834099311489183	0	0	0	
mt14	TC	0.18569856451000114	0.022	0.0	0.0	
mt14	TC	0.18393632678657812	0.028	0.0	0.0	
mt14	TC	0.1832731394388067	0.023	0.03546099290780142	0.23809523809523808	
mt14	TC	0.18320706975291473	0.022	0.0	0.0	
mt14	TC	0.1824471479106869	0.027	0.0425531914893617	0.2608695652173913	
mt14	TC	0.18166857840163209	0.051	0.028368794326241134	0.1111111111111111	
mt14	TC	0.17832786367166575	0.022	0.02127659574468085	0.1875	
mt14	TC	0.1773643341789176	0.022	0.02127659574468085	0.15789473684210525	
mt14	TC	0.17545817791361876	0.034	0.03546099290780142	0.20833333333333334	
mt14	TC	0.1730493568314021	0.036	0.014184397163120567	0.1111111111111111	
mt14	TC	0.17080108770282657	0.034	0.0	0.0	
mt14	TC	0.16923695655185667	0.051	0.014184397163120567	0.09090909090909091	
mt14	TC	0.16852795347220406	0.022	0.0	0.0	
mt14	TC	0.16772045951681092	0.026	0.014184397163120567	0.14285714285714285	
mt14	TC	0.16686836650009595	0.018	0.0	0.0	
mt14	TC	0.16669041536862167	0.043	0.02127659574468085	0.15	
mt14	TC	0.16553773363698535	0.042	0.0	0.0	
mt14	TC	0.16492155002543746	0.044	0.014184397163120567	0.1	
mt14	TC	0.16296840286228448	0.05	0.014184397163120567	0.11764705882352941	
mt14	TC	0.15923521801710208	0.019	0.0	0.0	
mt14	TC	0.15829241161814478	0.027	0.0	0.0	
mt14	TC	0.15435180421800856	0	0	0	
mt15	AT	0.10706163946428328	0.019			
mt15	AT	0.10671510434535243	0.02			
mt15	AT	0.10645868931239391	0			
mt15	AT	0.10634229938217987	0.02			
mt15	AT	0.10584952918436695	0			
mt15	AT	0.10512619816320731	0			
mt15	AT	0.10486382569219566	0.019			
mt15	AT	0.10294272985640929	0			
mt15	AT	0.10250368387966281	0			
mt15	AT	0.10224919732837347	0.019			
mt15	AT	0.10184363549683653	0			
mt15	AT	0.10141672355295231	0.019			
mt15	AT	0.10131548042216719	0.019			
mt15	AT	0.10125021425058693	0			
mt15	AT	0.09979597960571338	0.019			
mt15	AT	0.0993921965627306	0.02			
mt15	AT	0.09862662837336329	0.022			
mt15	AT	0.09786714352152714	0.019			
mt15	AT	0.09639702290646156	0.019			
mt15	AT	0.095692431354611	0.019			
mt15	AT	0.09529977078669362	0			
mt15	AT	0.09447988428973801	0.019			
mt15	AT	0.09314055448748987	0.019			
mt15	AT	0.09275983633198409	0.019			
mt15	AT	0.09104882686993326	0			
mt16	16trunc2A4C	0.5709576700589446				
mt16	16trunc2A4C	0.5584358656469512				
mt16	16trunc2A4C	0.5581094421544244				
mt16	16trunc2A4C	0.5513668775340143				
mt16	16trunc2A4C	0.5488724018756767				
mt16	16trunc2A4C	0.5478508857961965				
mt16	16trunc2A4C	0.5444426994402295				
mt16	16trunc2A4C	0.5148293813674593				
mt16	16trunc2A4C	0.49251810939206436				
mt16	16trunc2A4C	0.48504780848769663				
mt16	16trunc2A4C	0.4679292532499421				
mt16	16trunc2A4C	0.4548685850473709				
mt16	16trunc2A4C	0.44555758631616027				
mt16	16trunc2A4C	0.4446854838746715				
mt16	16trunc2A4C	0.44098247952668884				
mt16	16trunc2A4C	0.4366917779765384				
mt16	16trunc2A4C	0.4255329146543792				
mt16	16trunc2A4C	0.4156753379517151				
mt16	16trunc2A4C	0.4143294428506596				
mt16	16trunc2A4C	0.41328101951187907				
mt16	16trunc2A4C	0.4091371960643192				
mt16	16trunc2A4C	0.406533252268094				
mt16	16trunc2A4C	0.4054147143642515				
mt16	16trunc2A4C	0.40242080130770247				
mt16	16trunc2A4C	0.3965331240149881				
mt16	1A2C	0.6247659029389743				
mt16	1A2C	0.6235456898230775				
mt16	1A2C	0.5954471320287864				
mt16	1A2C	0.5891404024494529				
mt16	1A2C	0.5824443099405454				
mt16	1A2C	0.5721341927055318				
mt16	1A2C	0.5684599013583809				
mt16	1A2C	0.5675933751479065				
mt16	1A2C	0.5672291643969829				
mt16	1A2C	0.5656276749459959				
mt16	1A2C	0.5654282315804959				
mt16	1A2C	0.5645446834408228				
mt16	1A2C	0.5566763732541089				
mt16	1A2C	0.545820334781081				
mt16	1A2C	0.5350476317679865				
mt16	1A2C	0.5300336005733516				
mt16	1A2C	0.5245657768320723				
mt16	1A2C	0.5171928915411708				
mt16	1A2C	0.5103794343040026				
mt16	1A2C	0.49653533991685855				
mt16	1A2C	0.4950157963236128				
mt16	1A2C	0.48020238607977517				
mt16	1A2C	0.476584243663232				
mt16	1A2C	0.4566232146817515				
mt16	1A2C	0.44852550686739245				
mt16	2A4C	0.5477584542288161				
mt16	2A4C	0.5471595075260541				
mt16	2A4C	0.5436968190085146				
mt16	2A4C	0.5370347871184005				
mt16	2A4C	0.5331609063313787				
mt16	2A4C	0.4994833821519145				
mt16	2A4C	0.490606716016549				
mt16	2A4C	0.4816719874422061				
mt16	2A4C	0.46303215472250553				
mt16	2A4C	0.46286111427019705				
mt16	2A4C	0.45564375003932045				
mt16	2A4C	0.4475205504451545				
mt16	2A4C	0.44161187123420087				
mt16	2A4C	0.43278307245766756				
mt16	2A4C	0.41484564487789855				
mt16	2A4C	0.4081651355693632				
mt16	2A4C	0.4019979757557691				
mt16	2A4C	0.39334398547223803				
mt16	2A4C	0.39332037085397287				
mt16	2A4C	0.39198444271864635				
mt16	2A4C	0.38565266526100783				
mt16	2A4C	0.3754894381678894				
mt16	2A4C	0.3721804090908331				
mt16	2A4C	0.36670895054111285				
mt16	2A4C	0.35813464217965435				
mt16	2A4C2T	0.4977908047647399				
mt16	2A4C2T	0.4821374633088762				
mt16	2A4C2T	0.47725821693246806				
mt16	2A4C2T	0.47368484076517087				
mt16	2A4C2T	0.46814975730871106				
mt16	2A4C2T	0.46640731973193816				
mt16	2A4C2T	0.4402386840777131				
mt16	2A4C2T	0.4164443963216911				
mt16	2A4C2T	0.41622757073828187				
mt16	2A4C2T	0.40275650750158204				
mt16	2A4C2T	0.3957083260225645				
mt16	2A4C2T	0.38551602277081487				
mt16	2A4C2T	0.38485806860890337				
mt16	2A4C2T	0.38333803036282355				
mt16	2A4C2T	0.3819923283906258				
mt16	2A4C2T	0.3725551040576474				
mt16	2A4C2T	0.3693003824746023				
mt16	2A4C2T	0.3620916293102865				
mt16	2A4C2T	0.3546018726924298				
mt16	2A4C2T	0.35426439268254556				
mt16	2A4C2T	0.3508245276341438				
mt16	2A4C2T	0.34742620197313356				
mt16	2A4C2T	0.3403848833226347				
mt16	2A4C2T	0.3379282649323946				
mt16	2A4C2T	0.3337347680128947				
mt16	3A4C	0.4708214832933874				
mt16	3A4C	0.4509972976315096				
mt16	3A4C	0.44797105363980094				
mt16	3A4C	0.41974309076703353				
mt16	3A4C	0.4191435475026013				
mt16	3A4C	0.4169522484202531				
mt16	3A4C	0.41669986592918784				
mt16	3A4C	0.4165992740402377				
mt16	3A4C	0.41511365653759436				
mt16	3A4C	0.3877098584029992				
mt16	3A4C	0.38244240316074346				
mt16	3A4C	0.37841821646542884				
mt16	3A4C	0.367185526987879				
mt16	3A4C	0.3483555199812667				
mt16	3A4C	0.33990708086479016				
mt16	3A4C	0.33072999736651554				
mt16	3A4C	0.3255597604278826				
mt16	3A4C	0.3209141019894425				
mt16	3A4C	0.31847707477499254				
mt16	3A4C	0.3184581679462557				
mt16	3A4C	0.3176707930167873				
mt16	3A4C	0.31659308261918456				
mt16	3A4C	0.31305286842046337				
mt16	3A4C	0.28108603334294413				
mt16	3A4C	0.2797994204586082				
mt16	42trunc2A4C	0.6737808499310395				
mt16	42trunc2A4C	0.6721507420032462				
mt16	42trunc2A4C	0.6495548094928079				
mt16	42trunc2A4C	0.6332919019882501				
mt16	42trunc2A4C	0.6275314910460853				
mt16	42trunc2A4C	0.6171093054202452				
mt16	42trunc2A4C	0.6043021886438362				
mt16	42trunc2A4C	0.5953086989719041				
mt16	42trunc2A4C	0.5895488132623116				
mt16	42trunc2A4C	0.5744621516517023				
mt16	42trunc2A4C	0.5676348858037465				
mt16	42trunc2A4C	0.564776377889261				
mt16	42trunc2A4C	0.5551811800281883				
mt16	42trunc2A4C	0.5438229202626071				
mt16	42trunc2A4C	0.5326687613921383				
mt16	42trunc2A4C	0.5217612553351384				
mt16	42trunc2A4C	0.5162691788866525				
mt16	42trunc2A4C	0.5077598332510643				
mt16	42trunc2A4C	0.5071411101073736				
mt16	42trunc2A4C	0.5001257758668969				
mt16	42trunc2A4C	0.49804783804090225				
mt16	42trunc2A4C	0.4906048975941586				
mt16	42trunc2A4C	0.4893822670123173				
mt16	42trunc2A4C	0.487290432200996				
mt16	42trunc2A4C	0.4696165114062373				
mt16	4A4C	0.4297929753648555				
mt16	4A4C	0.41374961828790646				
mt16	4A4C	0.4105547595233589				
mt16	4A4C	0.4045055875633009				
mt16	4A4C	0.378964600876558				
mt16	4A4C	0.3594762652006001				
mt16	4A4C	0.3565071714549451				
mt16	4A4C	0.3458938560591175				
mt16	4A4C	0.3307313378048245				
mt16	4A4C	0.32998572002238225				
mt16	4A4C	0.32775384165631777				
mt16	4A4C	0.3143893174292761				
mt16	4A4C	0.2985116160850744				
mt16	4A4C	0.29846057218280464				
mt16	4A4C	0.2982697592408267				
mt16	4A4C	0.28959365321952224				
mt16	4A4C	0.28871738388874524				
mt16	4A4C	0.28007671713189125				
mt16	4A4C	0.2770782046925505				
mt16	4A4C	0.27345940461124235				
mt16	4A4C	0.2676918371575992				
mt16	4A4C	0.2630701999662351				
mt16	4A4C	0.2523724883345934				
mt16	4A4C	0.24751980045809907				
mt16	4A4C	0.21201500506313756				
mt16	AC	0.7764424936066934	0.397	0.3380281690140845	0.5333333333333333	
mt16	AC	0.6864778474707559	0.166	0.18309859154929578	0.5416666666666666	
mt16	AC	0.6784197085151831	0.116	0.0892018779342723	0.5757575757575758	
mt16	AC	0.6783533765270806	0.259	0.39906103286384975	0.48295454545454547	
mt16	AC	0.677211653170956	0.344	0.18309859154929578	0.4588235294117647	
mt16	AC	0.6750231214836716	0.197	0.17370892018779344	0.5285714285714286	
mt16	AC	0.671588317319	0.193	0.28169014084507044	0.4838709677419355	
mt16	AC	0.6657835596756054	0.307	0.20187793427230047	0.3944954128440367	
mt16	AC	0.6602763468604463	0.185	0.18309859154929578	0.4936708860759494	
mt16	AC	0.655272214738627	0.187	0.18309859154929578	0.52	
mt16	AC	0.6538092198522064	0.288	0.18779342723004694	0.5333333333333333	
mt16	AC	0.6413311895252164	0.21	0.2535211267605634	0.4576271186440678	
mt16	AC	0.6336435429364278	0.221	0.27230046948356806	0.37662337662337664	
mt16	AC	0.6288523849075005	0.092	0.09389671361502347	0.5405405405405406	
mt16	AC	0.613815227429354	0.233	0.18309859154929578	0.43820224719101125	
mt16	AC	0.6111282723232161	0.086	0.09859154929577464	0.5526315789473685	
mt16	AC	0.6106707970733856	0.103	0.1643192488262911	0.5555555555555556	
mt16	AC	0.6003879043035183	0.207	0.24882629107981222	0.4818181818181818	
mt16	AC	0.5893208831289334	0.118	0.1643192488262911	0.5147058823529411	
mt16	AC	0.5823159847723124	0.063	0.09389671361502347	0.5714285714285714	
mt16	AC	0.576493993640224	0.145	0.2300469483568075	0.5384615384615384	
mt16	AC	0.5744635403195252	0.11	0.08450704225352113	0.2647058823529412	
mt16	AC	0.5091140980723222	0.108	0.1784037558685446	0.5428571428571428	
mt16	AC	0.4569769421758313	0.086	0.20187793427230047	0.5180722891566265	
mt16	AC	0.4517988260473936	0.114	0.046948356807511735	0.18181818181818182	
mt16	AT	0.8816242989120942	0.626	0.49765258215962443	0.9906542056074766	
mt16	AT	0.8807889830051341	0.619	0.49295774647887325	0.9905660377358491	
mt16	AT	0.8807004045354083	0.642	0.43661971830985913	0.9893617021276596	
mt16	AT	0.8806895072590805	0.63	0.49295774647887325	0.9905660377358491	
mt16	AT	0.8803383319621891	0.633	0.45539906103286387	0.9897959183673469	
mt16	AT	0.88028015272298	0.636	0.43661971830985913	0.9893617021276596	
mt16	AT	0.8802351514042416	0.644	0.43661971830985913	0.9893617021276596	
mt16	AT	0.8800368206692794	0.629	0.460093896713615	0.98989898989899	
mt16	AT	0.8800319882274642	0.638	0.460093896713615	0.98	
mt16	AT	0.8798939469503617	0.633	0.4788732394366197	0.9902912621359223	
mt16	AT	0.8795163811352226	0.636	0.48826291079812206	0.9904761904761905	
mt16	AT	0.8794037578471026	0.648	0.4788732394366197	0.9902912621359223	
mt16	AT	0.8786551768910457	0.638	0.43661971830985913	0.9893617021276596	
mt16	AT	0.8785716934996652	0.64	0.43661971830985913	0.9893617021276596	
mt16	AT	0.8774187118485698	0.633	0.4460093896713615	0.979381443298969	
mt16	AT	0.8747128813082379	0.621	0.4694835680751174	0.9900990099009901	
mt16	AT	0.874011358157371	0.629	0.4460093896713615	0.9895833333333334	
mt16	AT	0.8735344633607097	0.63	0.431924882629108	0.989247311827957	
mt16	AT	0.8730638812624621	0.622	0.4694835680751174	0.9900990099009901	
mt16	AT	0.8730610274568334	0.63	0.4413145539906103	0.9894736842105263	
mt16	AT	0.8730334344934212	0.635	0.43661971830985913	0.9893617021276596	
mt16	AT	0.8716720743924378	0.635	0.43661971830985913	0.9893617021276596	
mt16	AT	0.87121447834435	0.627	0.43661971830985913	0.9893617021276596	
mt16	AT	0.8711942366093747	0.629	0.4460093896713615	0.9895833333333334	
mt16	AT	0.8697620581923217	0.632	0.43661971830985913	0.9893617021276596	
mt16	ATC	0.6862313521391844				
mt16	ATC	0.674984918581836				
mt16	ATC	0.6279823586483373				
mt16	ATC	0.6220523857685628				
mt16	ATC	0.6141494182421527				
mt16	ATC	0.607843949421376				
mt16	ATC	0.6049001721267295				
mt16	ATC	0.6034887176571947				
mt16	ATC	0.6030460340603964				
mt16	ATC	0.6023548780144435				
mt16	ATC	0.5931202433626698				
mt16	ATC	0.5920222244713469				
mt16	ATC	0.5807913533999776				
mt16	ATC	0.5791621950305501				
mt16	ATC	0.5744784754385066				
mt16	ATC	0.5741246170202192				
mt16	ATC	0.567244406730276				
mt16	ATC	0.564690980467632				
mt16	ATC	0.5610733634347733				
mt16	ATC	0.5598971995788926				
mt16	ATC	0.5491399086969737				
mt16	ATC	0.5488493277346945				
mt16	ATC	0.5484463234516874				
mt16	ATC	0.5428040366319493				
mt16	ATC	0.5325641918510597				
mt16	TC	0.2700369249928497	0.072	0.056338028169014086	0.3076923076923077	
mt16	TC	0.2619620933101431	0.07	0.07042253521126761	0.36585365853658536	
mt16	TC	0.259958200112562	0.058	0.06103286384976526	0.34210526315789475	
mt16	TC	0.24967201562434493	0.073	0.07042253521126761	0.38461538461538464	
mt16	TC	0.2475559547167878	0.081	0.06103286384976526	0.34210526315789475	
mt16	TC	0.24187141001108264	0.072	0.06103286384976526	0.3023255813953488	
mt16	TC	0.2396023535326774	0.067	0.03286384976525822	0.2413793103448276	
mt16	TC	0.23803621757770413	0.067	0.06103286384976526	0.37142857142857144	
mt16	TC	0.23503842689736165	0.077	0.051643192488262914	0.3055555555555556	
mt16	TC	0.23059554583009734	0.065	0.03286384976525822	0.22580645161290322	
mt16	TC	0.22982685086527085	0.071	0.06572769953051644	0.3888888888888889	
mt16	TC	0.22714429734726882	0.052	0.051643192488262914	0.4074074074074074	
mt16	TC	0.22584830331383696	0.067	0.051643192488262914	0.4074074074074074	
mt16	TC	0.2226585651084002	0.075	0.056338028169014086	0.3076923076923077	
mt16	TC	0.21431167636664394	0.04	0.014084507042253521	0.14285714285714285	
mt16	TC	0.2141580755028651	0.045	0.04225352112676056	0.375	
mt16	TC	0.2140613907955627	0.057	0.056338028169014086	0.36363636363636365	
mt16	TC	0.21292470051501364	0.048	0.023474178403755867	0.19230769230769232	
mt16	TC	0.2118181015937437	0.051	0.046948356807511735	0.3225806451612903	
mt16	TC	0.19438904988612593	0.056	0.051643192488262914	0.36666666666666664	
mt16	TC	0.19132081467869003	0.068	0.046948356807511735	0.3333333333333333	
mt16	TC	0.1869254869160607	0.048	0.03286384976525822	0.30434782608695654	
mt16	TC	0.18675623487471024	0.041	0.03755868544600939	0.34782608695652173	
mt16	TC	0.1799317957353913	0.053	0.046948356807511735	0.3448275862068966	
mt16	TC	0.15189010269108139	0.037	0.06572769953051644	0.9333333333333333	
